{
  "project_info": {
    "project_number": "854484955448",
    "project_id": "chatboxproj",
    "storage_bucket": "chatboxproj.appspot.com"
  },
  "client": [
    {
      "client_info": {
        "mobilesdk_app_id": "1:854484955448:android:50c6f1c8758fed2eb891cd",
        "android_client_info": {
          "package_name": "com.example.chatboxproj"
        }
      },
      "oauth_client": [
        {
          "client_id": "854484955448-cvmj09ojk0har3imstvkmbrnlcukijqa.apps.googleusercontent.com",
          "client_type": 3
        }
      ],
      "api_key": [
        {
          "current_key": "AIzaSyDjAv3orzKgABou8UTyhMRQGoUPyvD21u4"
        }
      ],
      "services": {
        "appinvite_service": {
          "other_platform_oauth_client": [
            {
              "client_id": "854484955448-cvmj09ojk0har3imstvkmbrnlcukijqa.apps.googleusercontent.com",
              "client_type": 3
            }
          ]
        }
      }
    }
  ],
  "configuration_version": "1"
}